,tournament,best_winning_streak,mean_duration,stdev
0,1000.0,14.0,636.945,112.52661896191498
1,2000.0,27.0,639.302,108.07719831675875
